recipe_id,recipe_name,servings,prep_time,difficulty_level,seasonality,ingredient_name,quantity,unit,necessity_level,substitution
1,شاكرية,4,متوسط,متوسط,مدار السنة,لحم مقطع,1000,غرام,إلزامي,شرحات دجاج
1,شاكرية,4,متوسط,متوسط,مدار السنة,لبن,1500,غرام,إلزامي,
1,شاكرية,4,متوسط,متوسط,مدار السنة,نشاء الذرة,24,غرام,إلزامي,
1,شاكرية,4,متوسط,متوسط,مدار السنة,بيض,1,حبة,اختياري,
1,شاكرية,4,متوسط,متوسط,مدار السنة,بصل,150,غرام,اختياري,
1,شاكرية,4,متوسط,متوسط,مدار السنة,رز,400,غرام,إلزامي,برغل
1,شاكرية,4,متوسط,متوسط,مدار السنة,شعيرية,50,غرام,إلزامي,
2,ملوخية,4,متوسط,متوسط,الصيف,ملوخية,500,غرام,إلزامي,
2,ملوخية,4,متوسط,متوسط,الصيف,دجاج,1000,غرام,اختياري,لحم مقطع
2,ملوخية,4,متوسط,متوسط,الصيف,ثوم,40,غرام,اختياري,
2,ملوخية,4,متوسط,متوسط,الصيف,كزبرة خضرا,50,غرام,اختياري,
2,ملوخية,4,متوسط,متوسط,الصيف,ليمون,100,غرام,اختياري,
3,فريكة,4,طويل,متوسط,الربيع,فريكة,400,غرام,إلزامي,
3,فريكة,4,طويل,متوسط,الربيع,دجاج,1000,غرام,اختياري,لحم مقطع
3,فريكة,4,طويل,متوسط,الربيع,مكسرات,50,غرام,اختياري,
3,فريكة,4,طويل,متوسط,الربيع,بزاليا,75,غرام,إلزامي,
4,كبسة,4,متوسط,متوسط,مدار السنة,رز طويل الحبة,600,غرام,إلزامي,
4,كبسة,4,متوسط,متوسط,مدار السنة,دجاج,1200,غرام,اختياري,لحم مقطع
4,كبسة,4,متوسط,متوسط,مدار السنة,بهارات,16,غرام,إلزامي,
4,كبسة,4,متوسط,متوسط,مدار السنة,بصل,150,غرام,إلزامي,
4,كبسة,4,متوسط,متوسط,مدار السنة,بندورة,200,غرام,اختياري,
4,كبسة,4,متوسط,متوسط,مدار السنة,فليفلة خضرا,150,غرام,إلزامي,
4,كبسة,4,متوسط,متوسط,مدار السنة,جزر,100,غرام,اختياري,
4,كبسة,4,متوسط,متوسط,مدار السنة,مكسرات,50,غرام,اختياري,
5,مندي,4,متوسط,متوسط,مدار السنة,رز طويل الحبة,600,غرام,إلزامي,
5,مندي,4,متوسط,متوسط,مدار السنة,دجاج,1200,غرام,اختياري,لحم مقطع
5,مندي,4,متوسط,متوسط,مدار السنة,بهارات,16,غرام,إلزامي,
5,مندي,4,متوسط,متوسط,مدار السنة,بصل,150,غرام,اختياري,
5,مندي,4,متوسط,متوسط,مدار السنة,مكسرات,50,غرام,اختياري,
6,دجاج مكسيكي,4,قليل,مبتدئ,مدار السنة,شرحات دجاج,1000,غرام,إلزامي,
6,دجاج مكسيكي,4,قليل,مبتدئ,مدار السنة,فليفلة ملونة,450,غرام,اختياري,
6,دجاج مكسيكي,4,قليل,مبتدئ,مدار السنة,بصل,150,غرام,اختياري,
6,دجاج مكسيكي,4,قليل,مبتدئ,مدار السنة,بهارات,8,غرام,إلزامي,
6,دجاج مكسيكي,4,قليل,مبتدئ,مدار السنة,جبنة قشقوان,200,غرام,اختياري,
7,بامية,4,متوسط,متوسط,الصيف,بامية,500,غرام,إلزامي,
7,بامية,4,متوسط,متوسط,الصيف,لحم مفروم,200,غرام,اختياري,لحم مقطع
7,بامية,4,متوسط,متوسط,الصيف,معجون بندورة,30,غرام,إلزامي,
7,بامية,4,متوسط,متوسط,الصيف,ثوم,20,غرام,اختياري,
7,بامية,4,متوسط,متوسط,الصيف,كزبرة خضرا,25,غرام,اختياري,
7,بامية,4,متوسط,متوسط,الصيف,رز,400,غرام,إلزامي,
7,بامية,4,متوسط,متوسط,الصيف,شعيرية,50,غرام,إلزامي,
8,فاصوليا بمرقة,4,متوسط,متوسط,الصيف,فاصوليا خضرا,500,غرام,إلزامي,
8,فاصوليا بمرقة,4,متوسط,متوسط,الصيف,لحم مفروم,200,غرام,اختياري,لحم مقطع
8,فاصوليا بمرقة,4,متوسط,متوسط,الصيف,معجون بندورة,30,غرام,إلزامي,
8,فاصوليا بمرقة,4,متوسط,متوسط,الصيف,ثوم,20,غرام,اختياري,
8,فاصوليا بمرقة,4,متوسط,متوسط,الصيف,رز,400,غرام,إلزامي,
8,فاصوليا بمرقة,4,متوسط,متوسط,الصيف,شعيرية,50,غرام,إلزامي,
8,فاصوليا بمرقة,4,متوسط,متوسط,الصيف,كزبرة خضرا,50,غرام,اختياري,
9,فاصوليا بزيت,4,قليل,مبتدئ,الصيف,فاصوليا خضرا,500,غرام,إلزامي,
9,فاصوليا بزيت,4,قليل,مبتدئ,الصيف,زيت زيتون,100,غرام,إلزامي,
9,فاصوليا بزيت,4,قليل,مبتدئ,الصيف,بندورة,300,غرام,إلزامي,
9,فاصوليا بزيت,4,قليل,مبتدئ,الصيف,كزبرة خضرا,25,غرام,اختياري,
9,فاصوليا بزيت,4,قليل,مبتدئ,الصيف,معجون بندورة,15,غرام,إلزامي,
9,فاصوليا بزيت,4,قليل,مبتدئ,الصيف,ثوم,20,غرام,اختياري,
10,فول أخضر بالزيت (مقلى),4,قليل,مبتدئ,الربيع,فول أخضر,1000,غرام,إلزامي,
10,فول أخضر بالزيت (مقلى),4,قليل,مبتدئ,الربيع,زيت زيتون,100,غرام,إلزامي,
10,فول أخضر بالزيت (مقلى),4,قليل,مبتدئ,الربيع,كزبرة خضرا,50,غرام,اختياري,
10,فول أخضر بالزيت (مقلى),4,قليل,مبتدئ,الربيع,ثوم,20,غرام,اختياري,
11,رز بفول,4,قليل,مبتدئ,الربيع,فول أخضر,500,غرام,إلزامي,
11,رز بفول,4,قليل,مبتدئ,الربيع,رز,400,غرام,إلزامي,
11,رز بفول,4,قليل,مبتدئ,الربيع,لحم مفروم,200,غرام,اختياري,
11,رز بفول,4,قليل,مبتدئ,الربيع,مكسرات,50,غرام,اختياري,
12,رز ببزاليا,4,قليل,مبتدئ,الربيع,بزاليا,500,غرام,إلزامي,
12,رز ببزاليا,4,قليل,مبتدئ,الربيع,رز,400,غرام,إلزامي,
12,رز ببزاليا,4,قليل,مبتدئ,الربيع,لحم مفروم,200,غرام,اختياري,
12,رز ببزاليا,4,قليل,مبتدئ,الربيع,مكسرات,50,غرام,اختياري,
13,فاصوليا كلاوي,4,متوسط,مبتدئ,الخريف,فاصوليا كلاوي,500,غرام,إلزامي,
13,فاصوليا كلاوي,4,متوسط,مبتدئ,الخريف,لحم مفروم,200,غرام,اختياري,لحم مقطع
13,فاصوليا كلاوي,4,متوسط,مبتدئ,الخريف,معجون بندورة,30,غرام,إلزامي,
13,فاصوليا كلاوي,4,متوسط,مبتدئ,الخريف,رز,400,غرام,إلزامي,
13,فاصوليا كلاوي,4,متوسط,مبتدئ,الخريف,شعيرية,50,غرام,إلزامي,
14,مفركة بطاطا,4,قليل,مبتدئ,مدار السنة,بطاطا,1000,غرام,إلزامي,
14,مفركة بطاطا,4,قليل,مبتدئ,مدار السنة,بصل,300,غرام,اختياري,
14,مفركة بطاطا,4,قليل,مبتدئ,مدار السنة,لحم مفروم,300,غرام,إلزامي,
14,مفركة بطاطا,4,قليل,مبتدئ,مدار السنة,ليمون,100,غرام,اختياري,
15,مفركة فول,4,قليل,مبتدئ,الربيع,فول أخضر,1000,غرام,إلزامي,
15,مفركة فول,4,قليل,مبتدئ,الربيع,لحم مفروم,300,غرام,إلزامي,
16,مفركة كوسا,4,قليل,مبتدئ,الصيف,كوسا,1000,غرام,إلزامي,
16,مفركة كوسا,4,قليل,مبتدئ,الصيف,لحم مفروم,300,غرام,إلزامي,
16,مفركة كوسا,4,قليل,مبتدئ,الصيف,بصل,150,غرام,اختياري,
17,محاشي,4,طويل,محترف,الصيف,كوسا,2000,غرام,إلزامي,
17,محاشي,4,طويل,محترف,الصيف,رز,300,غرام,إلزامي,
17,محاشي,4,طويل,محترف,الصيف,لحم مفروم,400,غرام,إلزامي,
17,محاشي,4,طويل,محترف,الصيف,ثوم,20,غرام,اختياري,
17,محاشي,4,طويل,محترف,الصيف,معجون بندورة,30,غرام,إلزامي,
17,محاشي,4,طويل,محترف,الصيف,بهارات,8,غرام,إلزامي,
18,يبرق,4,طويل,محترف,الصيف,ورق عنب,500,غرام,إلزامي,
18,يبرق,4,طويل,محترف,الصيف,رز,400,غرام,إلزامي,
18,يبرق,4,طويل,محترف,الصيف,لحم مفروم,400,غرام,إلزامي,
18,يبرق,4,طويل,محترف,الصيف,ثوم,80,غرام,اختياري,
18,يبرق,4,طويل,محترف,الصيف,لحم مقطع,500,غرام,إلزامي,
19,يخنه ملفوف,4,طويل,محترف,الشتاء,ملفوف,1000,غرام,إلزامي,
19,يخنه ملفوف,4,طويل,محترف,الشتاء,لحم مفروم,400,غرام,إلزامي,
19,يخنه ملفوف,4,طويل,محترف,الشتاء,رز,400,غرام,إلزامي,
19,يخنه ملفوف,4,طويل,محترف,الشتاء,ثوم,20,غرام,اختياري,
19,يخنه ملفوف,4,طويل,محترف,الشتاء,معجون بندورة,45,غرام,اختياري,
20,بزاليا وجزر,4,قليل,مبتدئ,الربيع,بزاليا,350,غرام,إلزامي,
20,بزاليا وجزر,4,قليل,مبتدئ,الربيع,جزر,350,غرام,إلزامي,
20,بزاليا وجزر,4,قليل,مبتدئ,الربيع,لحم مفروم,200,غرام,اختياري,لحم مقطع
20,بزاليا وجزر,4,قليل,مبتدئ,الربيع,معجون بندورة,30,غرام,إلزامي,
20,بزاليا وجزر,4,قليل,مبتدئ,الربيع,رز,400,غرام,إلزامي,
20,بزاليا وجزر,4,قليل,مبتدئ,الربيع,شعيرية,50,غرام,إلزامي,
21,كباب هندي,4,متوسط,متوسط,الصيف,لحم ناعم,1000,غرام,إلزامي,
21,كباب هندي,4,متوسط,متوسط,الصيف,بصل,300,غرام,اختياري,
21,كباب هندي,4,متوسط,متوسط,الصيف,بندورة,1000,غرام,إلزامي,
21,كباب هندي,4,متوسط,متوسط,الصيف,فليفلة خضرا,450,غرام,اختياري,
21,كباب هندي,4,متوسط,متوسط,الصيف,رز,200,غرام,إلزامي,
21,كباب هندي,4,متوسط,متوسط,الصيف,شعيرية,50,غرام,إلزامي,
22,كوسا بلبن,4,طويل,محترف,الصيف,كوسا,1500,غرام,إلزامي,
22,كوسا بلبن,4,طويل,محترف,الصيف,لحم مفروم,600,غرام,إلزامي,
22,كوسا بلبن,4,طويل,محترف,الصيف,لبن,2000,غرام,إلزامي,
22,كوسا بلبن,4,طويل,محترف,الصيف,نشاء الذرة,32,غرام,إلزامي,
22,كوسا بلبن,4,طويل,محترف,الصيف,رز,400,غرام,إلزامي,
22,كوسا بلبن,4,طويل,محترف,الصيف,شعيرية,50,غرام,إلزامي,
23,كبة لبنية,4,طويل,محترف,مدار السنة,برغل ناعم,500,غرام,إلزامي,
23,كبة لبنية,4,طويل,محترف,مدار السنة,لحم مفروم,500,غرام,إلزامي,
23,كبة لبنية,4,طويل,محترف,مدار السنة,لبن,1500,غرام,إلزامي,
23,كبة لبنية,4,طويل,محترف,مدار السنة,بصل,300,غرام,إلزامي,
23,كبة لبنية,4,طويل,محترف,مدار السنة,مكسرات,60,غرام,اختياري,
24,شيش برك,4,طويل,محترف,مدار السنة,طحين,250,غرام,إلزامي,
24,شيش برك,4,طويل,محترف,مدار السنة,لحم مفروم,700,غرام,إلزامي,
24,شيش برك,4,طويل,محترف,مدار السنة,بصل,150,غرام,اختياري,
24,شيش برك,4,طويل,محترف,مدار السنة,لبن,2000,غرام,إلزامي,
24,شيش برك,4,طويل,محترف,مدار السنة,رز,400,غرام,إلزامي,
24,شيش برك,4,طويل,محترف,مدار السنة,شعيرية,50,غرام,إلزامي,
25,بطاطا بالفرن,4,قليل,متوسط,مدار السنة,بطاطا,1000,غرام,إلزامي,
25,بطاطا بالفرن,4,قليل,متوسط,مدار السنة,بهارات,16,غرام,إلزامي,
25,بطاطا بالفرن,4,قليل,متوسط,مدار السنة,بصل,150,غرام,اختياري,
26,سكالوب,4,متوسط,متوسط,مدار السنة,شرحات دجاج,1000,غرام,إلزامي,
26,سكالوب,4,متوسط,متوسط,مدار السنة,بهارات,16,غرام,إلزامي,
26,سكالوب,4,متوسط,متوسط,مدار السنة,طحين,125,غرام,إلزامي,
26,سكالوب,4,متوسط,متوسط,مدار السنة,بيض,2,حبة,إلزامي,
26,سكالوب,4,متوسط,متوسط,مدار السنة,كعك ناعم,150,غرام,إلزامي,
26,سكالوب,4,متوسط,متوسط,مدار السنة,خبز سمون,400,غرام,اختياري,
26,سكالوب,4,متوسط,متوسط,مدار السنة,زيت نباتي,1000,غرام,إلزامي,
27,طباخ روحو,4,متوسط,مبتدئ,الصيف,بندورة,500,غرام,إلزامي,
27,طباخ روحو,4,متوسط,مبتدئ,الصيف,كوسا,300,غرام,إلزامي,
27,طباخ روحو,4,متوسط,مبتدئ,الصيف,بيتنجان,300,غرام,إلزامي,
27,طباخ روحو,4,متوسط,مبتدئ,الصيف,بصل,150,غرام,اختياري,
27,طباخ روحو,4,متوسط,مبتدئ,الصيف,لحم مفروم,200,غرام,اختياري,
27,طباخ روحو,4,متوسط,مبتدئ,الصيف,ثوم,8,غرام,اختياري,
27,طباخ روحو,4,متوسط,مبتدئ,الصيف,برغل,400,غرام,إلزامي,
27,طباخ روحو,4,متوسط,مبتدئ,الصيف,شعيرية,50,غرام,إلزامي,
28,مطجن,4,طويل,متوسط,مدار السنة,سودة غنم,1000,غرام,إلزامي,
28,مطجن,4,طويل,متوسط,مدار السنة,كزبرة خضرا,50,غرام,إلزامي,
28,مطجن,4,طويل,متوسط,مدار السنة,بصل,150,غرام,اختياري,
28,مطجن,4,طويل,متوسط,مدار السنة,زيت زيتون,100,غرام,إلزامي,
28,مطجن,4,طويل,متوسط,مدار السنة,ثوم,12,غرام,اختياري,
28,مطجن,4,طويل,متوسط,مدار السنة,ليمون,100,غرام,اختياري,
29,برغل ببندورة,4,قليل,مبتدئ,الصيف,برغل,400,غرام,إلزامي,
29,برغل ببندورة,4,قليل,مبتدئ,الصيف,بندورة,500,غرام,إلزامي,
29,برغل ببندورة,4,قليل,مبتدئ,الصيف,بصل,150,غرام,اختياري,
29,برغل ببندورة,4,قليل,مبتدئ,الصيف,فليفلة خضرا,150,غرام,اختياري,
29,برغل ببندورة,4,قليل,مبتدئ,الصيف,معجون بندورة,15,غرام,اختياري,
30,تسقية بالبدوة,4,قليل,مبتدئ,مدار السنة,حمص,1000,غرام,إلزامي,
30,تسقية بالبدوة,4,قليل,مبتدئ,مدار السنة,خبز,100,غرام,إلزامي,
30,تسقية بالبدوة,4,قليل,مبتدئ,مدار السنة,بهارات,8,غرام,إلزامي,
30,تسقية بالبدوة,4,قليل,مبتدئ,مدار السنة,لبن,200,غرام,اختياري,
30,تسقية بالبدوة,4,قليل,مبتدئ,مدار السنة,مسبحة,500,غرام,إلزامي,
30,تسقية بالبدوة,4,قليل,مبتدئ,مدار السنة,مكسرات,50,غرام,اختياري,
30,تسقية بالبدوة,4,قليل,مبتدئ,مدار السنة,سمنة,100,غرام,إلزامي,
30,تسقية بالبدوة,4,قليل,مبتدئ,مدار السنة,ثوم,12,غرام,اختياري,
31,شوربة خضار,4,قليل,متوسط,الصيف,بصل,150,غرام,اختياري,
31,شوربة خضار,4,قليل,متوسط,الصيف,جزر,500,غرام,إلزامي,
31,شوربة خضار,4,قليل,متوسط,الصيف,بطاطا,500,غرام,إلزامي,
31,شوربة خضار,4,قليل,متوسط,الصيف,ثوم,16,غرام,اختياري,
31,شوربة خضار,4,قليل,متوسط,الصيف,ليمون,200,غرام,اختياري,حمض الليمون
32,شرحات على عجين,4,متوسط,متوسط,مدار السنة,طحين,500,غرام,إلزامي,عجينة
32,شرحات على عجين,4,متوسط,متوسط,مدار السنة,شرحات لحم,500,غرام,إلزامي,
32,شرحات على عجين,4,متوسط,متوسط,مدار السنة,بهارات,16,غرام,إلزامي,
33,يالنجي,4,طويل,محترف,الصيف,ورق عنب,500,غرام,إلزامي,
33,يالنجي,4,طويل,محترف,الصيف,رز,300,غرام,إلزامي,
33,يالنجي,4,طويل,محترف,الصيف,بصل,150,غرام,إلزامي,
33,يالنجي,4,طويل,محترف,الصيف,بندورة,200,غرام,إلزامي,
33,يالنجي,4,طويل,محترف,الصيف,بقدونس,50,غرام,إلزامي,
33,يالنجي,4,طويل,محترف,الصيف,نعنع,25,غرام,إلزامي,
33,يالنجي,4,طويل,محترف,الصيف,زيت زيتون,100,غرام,إلزامي,
33,يالنجي,4,طويل,محترف,الصيف,دبس رمان,60,غرام,إلزامي,
34,فلافل,4,متوسط,مبتدئ,مدار السنة,حمص,400,غرام,إلزامي,
34,فلافل,4,متوسط,مبتدئ,مدار السنة,بصل,150,غرام,إلزامي,
34,فلافل,4,متوسط,مبتدئ,مدار السنة,بقدونس,25,غرام,اختياري,
34,فلافل,4,متوسط,مبتدئ,مدار السنة,كزبرة خضرا,15,غرام,اختياري,
34,فلافل,4,متوسط,مبتدئ,مدار السنة,كربونة,4,غرام,اختياري,
34,فلافل,4,متوسط,مبتدئ,مدار السنة,بهارات,16,غرام,إلزامي,
35,سندويش بطاطا,4,قليل,مبتدئ,مدار السنة,بطاطا,800,غرام,إلزامي,
35,سندويش بطاطا,4,قليل,مبتدئ,مدار السنة,خبز سمون,400,غرام,اختياري,
35,سندويش بطاطا,4,قليل,مبتدئ,مدار السنة,مايونيز,80,غرام,إلزامي,
35,سندويش بطاطا,4,قليل,مبتدئ,مدار السنة,مخلل خيار,250,غرام,اختياري,
35,سندويش بطاطا,4,قليل,مبتدئ,مدار السنة,بهارات,8,غرام,إلزامي,
36,معكرونة بجبنة وبقدونس,4,قليل,مبتدئ,مدار السنة,معكرونة,500,غرام,إلزامي,
36,معكرونة بجبنة وبقدونس,4,قليل,مبتدئ,مدار السنة,جبنة,300,غرام,إلزامي,
36,معكرونة بجبنة وبقدونس,4,قليل,مبتدئ,مدار السنة,بقدونس,50,غرام,إلزامي,
36,معكرونة بجبنة وبقدونس,4,قليل,مبتدئ,مدار السنة,بهارات,16,غرام,إلزامي,
37,بطاطا محشية,4,قليل,متوسط,مدار السنة,بطاطا,1000,غرام,إلزامي,
37,بطاطا محشية,4,قليل,متوسط,مدار السنة,لحم مفروم,400,غرام,إلزامي,
37,بطاطا محشية,4,قليل,متوسط,مدار السنة,بصل,150,غرام,إلزامي,
37,بطاطا محشية,4,قليل,متوسط,مدار السنة,معجون بندورة,45,غرام,إلزامي,
37,بطاطا محشية,4,قليل,متوسط,مدار السنة,بهارات,12,غرام,إلزامي,
37,بطاطا محشية,4,قليل,متوسط,مدار السنة,رز,600,غرام,اختياري,
38,منزلة بيتنجان,4,طويل,متوسط,الصيف,بيتنجان,1000,غرام,إلزامي,
38,منزلة بيتنجان,4,طويل,متوسط,الصيف,بندورة,500,غرام,إلزامي,
38,منزلة بيتنجان,4,طويل,متوسط,الصيف,بصل,450,غرام,اختياري,
38,منزلة بيتنجان,4,طويل,متوسط,الصيف,لحم مفروم,400,غرام,إلزامي,
38,منزلة بيتنجان,4,طويل,متوسط,الصيف,رز,200,غرام,إلزامي,برغل
38,منزلة بيتنجان,4,طويل,متوسط,الصيف,شعيرية,50,غرام,إلزامي,
38,منزلة بيتنجان,4,طويل,متوسط,الصيف,زيت نباتي,1000,غرام,إلزامي,
39,زهرة بطحينة,4,قليل,مبتدئ,الشتاء,زهرة,1000,غرام,إلزامي,
39,زهرة بطحينة,4,قليل,مبتدئ,الشتاء,زيت نباتي,1000,غرام,إلزامي,
39,زهرة بطحينة,4,قليل,مبتدئ,الشتاء,طحينة,250,غرام,إلزامي,
39,زهرة بطحينة,4,قليل,مبتدئ,الشتاء,ليمون,300,غرام,إلزامي,
39,زهرة بطحينة,4,قليل,مبتدئ,الشتاء,ثوم,20,غرام,اختياري,
40,المقالي,4,طويل,مبتدئ,الصيف,بطاطا,1000,غرام,اختياري,
40,المقالي,4,طويل,مبتدئ,الصيف,بيتنجان,500,غرام,إلزامي,
40,المقالي,4,طويل,مبتدئ,الصيف,كوسا,500,غرام,اختياري,
41,رز بالخضار,4,قليل,مبتدئ,الصيف,رز,600,غرام,إلزامي,
41,رز بالخضار,4,قليل,مبتدئ,الصيف,بصل,150,غرام,إلزامي,
41,رز بالخضار,4,قليل,مبتدئ,الصيف,فليفلة خضرا,300,غرام,إلزامي,
41,رز بالخضار,4,قليل,مبتدئ,الصيف,جزر,200,غرام,إلزامي,
41,رز بالخضار,4,قليل,مبتدئ,الصيف,فطر,100,غرام,اختياري,
41,رز بالخضار,4,قليل,مبتدئ,الصيف,بزاليا,200,غرام,اختياري,
41,رز بالخضار,4,قليل,مبتدئ,الصيف,بهارات,16,غرام,إلزامي,
42,معكرونة بالخضار,4,قليل,مبتدئ,الصيف,معكرونة,500,غرام,إلزامي,
42,معكرونة بالخضار,4,قليل,مبتدئ,الصيف,بصل,150,غرام,اختياري,
42,معكرونة بالخضار,4,قليل,مبتدئ,الصيف,فليفلة خضرا,300,غرام,إلزامي,
42,معكرونة بالخضار,4,قليل,مبتدئ,الصيف,بندورة,300,غرام,إلزامي,
42,معكرونة بالخضار,4,قليل,مبتدئ,الصيف,بهارات,16,غرام,إلزامي,
43,أبو شلهوب (برغل بكوسا),4,قليل,مبتدئ,الصيف,برغل,400,غرام,إلزامي,
43,أبو شلهوب (برغل بكوسا),4,قليل,مبتدئ,الصيف,كوسا,1000,غرام,إلزامي,
43,أبو شلهوب (برغل بكوسا),4,قليل,مبتدئ,الصيف,لحم مفروم,200,غرام,اختياري,
44,جوانح مقلية,4,طويل,متوسط,مدار السنة,جوانح,1000,غرام,إلزامي,
44,جوانح مقلية,4,طويل,متوسط,مدار السنة,طحين,250,غرام,إلزامي,
44,جوانح مقلية,4,طويل,متوسط,مدار السنة,نشاء الذرة,24,غرام,اختياري,
44,جوانح مقلية,4,طويل,متوسط,مدار السنة,بهارات,24,غرام,إلزامي,
44,جوانح مقلية,4,طويل,متوسط,مدار السنة,زيت نباتي,1000,غرام,إلزامي,
45,سودة دجاج,4,قليل,مبتدئ,مدار السنة,سودة دجاج,1000,غرام,إلزامي,
45,سودة دجاج,4,قليل,مبتدئ,مدار السنة,بصل,300,غرام,اختياري,
45,سودة دجاج,4,قليل,مبتدئ,مدار السنة,ثوم,20,غرام,اختياري,
45,سودة دجاج,4,قليل,مبتدئ,مدار السنة,دبس رمان,20,غرام,اختياري,
46,سودة غنم,4,متوسط,متوسط,مدار السنة,سودة غنم,1000,غرام,إلزامي,
46,سودة غنم,4,متوسط,متوسط,مدار السنة,بصل,300,غرام,اختياري,
47,جوانح بالفرن,4,طويل,متوسط,مدار السنة,جوانح,1000,غرام,إلزامي,
47,جوانح بالفرن,4,طويل,متوسط,مدار السنة,ثوم,24,غرام,اختياري,
47,جوانح بالفرن,4,طويل,متوسط,مدار السنة,ليمون,50,غرام,إلزامي,
47,جوانح بالفرن,4,طويل,متوسط,مدار السنة,دبس رمان,40,غرام,اختياري,
47,جوانح بالفرن,4,طويل,متوسط,مدار السنة,بهارات,12,غرام,إلزامي,
48,ويكي (بامية بزيت),4,قليل,مبتدئ,الصيف,بامية,500,غرام,إلزامي,
48,ويكي (بامية بزيت),4,قليل,مبتدئ,الصيف,بندورة,400,غرام,إلزامي,
48,ويكي (بامية بزيت),4,قليل,مبتدئ,الصيف,زيت زيتون,100,غرام,إلزامي,
48,ويكي (بامية بزيت),4,قليل,مبتدئ,الصيف,كزبرة خضرا,50,غرام,اختياري,
48,ويكي (بامية بزيت),4,قليل,مبتدئ,الصيف,ثوم,20,غرام,اختياري,
49,سبانخ زيت,4,قليل,مبتدئ,الشتاء,سبانخ,500,غرام,إلزامي,
49,سبانخ زيت,4,قليل,مبتدئ,الشتاء,ثوم,20,غرام,اختياري,
49,سبانخ زيت,4,قليل,مبتدئ,الشتاء,زيت زيتون,100,غرام,إلزامي,
49,سبانخ زيت,4,قليل,مبتدئ,الشتاء,كزبرة خضرا,50,غرام,اختياري,
50,خبيزة,4,قليل,مبتدئ,الشتاء,خبيزة,300,غرام,إلزامي,
50,خبيزة,4,قليل,مبتدئ,الشتاء,كزبرة خضرا,50,غرام,اختياري,
50,خبيزة,4,قليل,مبتدئ,الشتاء,ثوم,20,غرام,اختياري,
51,كبة بالصينية,4,متوسط,متوسط,مدار السنة,برغل ناعم,600,غرام,إلزامي,
51,كبة بالصينية,4,متوسط,متوسط,مدار السنة,بصل,450,غرام,إلزامي,
51,كبة بالصينية,4,متوسط,متوسط,مدار السنة,لحم مفروم,500,غرام,إلزامي,دجاج
51,كبة بالصينية,4,متوسط,متوسط,مدار السنة,دبس رمان,40,غرام,إلزامي,
52,كباب مشوي,4,متوسط,متوسط,مدار السنة,لحم ناعم,1000,غرام,إلزامي,دجاج
52,كباب مشوي,4,متوسط,متوسط,مدار السنة,بقدونس,50,غرام,إلزامي,
52,كباب مشوي,4,متوسط,متوسط,مدار السنة,بصل,300,غرام,إلزامي,
52,كباب مشوي,4,متوسط,متوسط,مدار السنة,بهارات,16,غرام,إلزامي,
53,صفيحة,4,متوسط,محترف,مدار السنة,لحم ناعم,500,غرام,إلزامي,
53,صفيحة,4,متوسط,محترف,مدار السنة,طحين,375,غرام,إلزامي,عجينة
53,صفيحة,4,متوسط,محترف,مدار السنة,بصل,300,غرام,إلزامي,
53,صفيحة,4,متوسط,محترف,مدار السنة,بندورة,300,غرام,اختياري,
53,صفيحة,4,متوسط,محترف,مدار السنة,فليفلة خضرا,300,غرام,اختياري,
54,شرحات مطفاية,4,متوسط,متوسط,مدار السنة,شرحات لحم,1000,غرام,إلزامي,شرحات دجاج
54,شرحات مطفاية,4,متوسط,متوسط,مدار السنة,ليمون,400,غرام,إلزامي,
54,شرحات مطفاية,4,متوسط,متوسط,مدار السنة,ثوم,40,غرام,إلزامي,
54,شرحات مطفاية,4,متوسط,متوسط,مدار السنة,بصل,450,غرام,اختياري,
54,شرحات مطفاية,4,متوسط,متوسط,مدار السنة,بقدونس,50,غرام,اختياري,
55,أوزي,4,متوسط,متوسط,الربيع,رز,400,غرام,إلزامي,
55,أوزي,4,متوسط,متوسط,الربيع,بزاليا,500,غرام,إلزامي,
55,أوزي,4,متوسط,متوسط,الربيع,لحم مفروم,200,غرام,اختياري,
55,أوزي,4,متوسط,متوسط,الربيع,مكسرات,50,غرام,اختياري,
55,أوزي,4,متوسط,متوسط,الربيع,رقائق عجين,250,غرام,إلزامي,
56,مجدرة,4,قليل,مبتدئ,مدار السنة,برغل,300,غرام,إلزامي,رز
56,مجدرة,4,قليل,مبتدئ,مدار السنة,عدس أسود,200,غرام,إلزامي,
56,مجدرة,4,قليل,مبتدئ,مدار السنة,بصل,900,غرام,إلزامي,
56,مجدرة,4,قليل,مبتدئ,مدار السنة,زيت زيتون,100,غرام,إلزامي,
57,فروج مسحب,4,طويل,محترف,مدار السنة,دجاج,1000,غرام,إلزامي,
57,فروج مسحب,4,طويل,محترف,مدار السنة,جزر,300,غرام,اختياري,
57,فروج مسحب,4,طويل,محترف,مدار السنة,بطاطا,600,غرام,اختياري,
57,فروج مسحب,4,طويل,محترف,مدار السنة,بصل,300,غرام,اختياري,
57,فروج مسحب,4,طويل,محترف,مدار السنة,فليفلة خضرا,300,غرام,اختياري,
57,فروج مسحب,4,طويل,محترف,مدار السنة,بهارات,24,غرام,إلزامي,
57,فروج مسحب,4,طويل,محترف,مدار السنة,زيت زيتون,100,غرام,إلزامي,
57,فروج مسحب,4,طويل,محترف,مدار السنة,لبن,100,غرام,إلزامي,
57,فروج مسحب,4,طويل,محترف,مدار السنة,ثوم,20,غرام,إلزامي,
58,دجاج بالفرن,4,متوسط,متوسط,مدار السنة,دجاج,1000,غرام,إلزامي,
58,دجاج بالفرن,4,متوسط,متوسط,مدار السنة,بطاطا,1000,غرام,اختياري,
58,دجاج بالفرن,4,متوسط,متوسط,مدار السنة,بصل,300,غرام,اختياري,
58,دجاج بالفرن,4,متوسط,متوسط,مدار السنة,ثوم,20,غرام,إلزامي,
58,دجاج بالفرن,4,متوسط,متوسط,مدار السنة,بهارات,16,غرام,إلزامي,
59,لحمة بالصينية,4,قليل,مبتدئ,مدار السنة,لحم ناعم,1000,غرام,إلزامي,دجاج
59,لحمة بالصينية,4,قليل,مبتدئ,مدار السنة,بصل,300,غرام,اختياري,
59,لحمة بالصينية,4,قليل,مبتدئ,مدار السنة,بندورة,500,غرام,اختياري,
60,باطرش,4,قليل,مبتدئ,الصيف,لحم ناعم,500,غرام,إلزامي,
60,باطرش,4,قليل,مبتدئ,الصيف,بيتنجان,500,غرام,إلزامي,
60,باطرش,4,قليل,مبتدئ,الصيف,معجون بندورة,45,غرام,إلزامي,
60,باطرش,4,قليل,مبتدئ,الصيف,لبن غنم,45,غرام,إلزامي,
60,باطرش,4,قليل,مبتدئ,الصيف,ثوم,10,غرام,اختياري,
60,باطرش,4,قليل,مبتدئ,الصيف,مكسرات,50,غرام,اختياري,
61,سلق ملفوف,4,طويل,متوسط,الشتاء,سلق,1500,غرام,إلزامي,
61,سلق ملفوف,4,طويل,متوسط,الشتاء,رز,400,غرام,إلزامي,
61,سلق ملفوف,4,طويل,متوسط,الشتاء,لحم مفروم,400,غرام,إلزامي,
61,سلق ملفوف,4,طويل,متوسط,الشتاء,معجون بندورة,45,غرام,اختياري,
61,سلق ملفوف,4,طويل,متوسط,الشتاء,ثوم,40,غرام,اختياري,
62,دجاج بمرقة,4,متوسط,متوسط,مدار السنة,دجاج,1000,غرام,إلزامي,
62,دجاج بمرقة,4,متوسط,متوسط,مدار السنة,بصل,150,غرام,اختياري,
62,دجاج بمرقة,4,متوسط,متوسط,مدار السنة,جزر,200,غرام,اختياري,
62,دجاج بمرقة,4,متوسط,متوسط,مدار السنة,بطاطا,400,غرام,إلزامي,
62,دجاج بمرقة,4,متوسط,متوسط,مدار السنة,بهارات,16,غرام,إلزامي,
62,دجاج بمرقة,4,متوسط,متوسط,مدار السنة,رز,400,غرام,إلزامي,
62,دجاج بمرقة,4,متوسط,متوسط,مدار السنة,شعيرية,50,غرام,إلزامي,
63,لوبية,4,قليل,متوسط,الصيف,لوبية,1000,غرام,إلزامي,
63,لوبية,4,قليل,متوسط,الصيف,لحم ناعم,250,غرام,اختياري,
63,لوبية,4,قليل,متوسط,الصيف,بصل,300,غرام,اختياري,
64,محشي لفت,4,طويل,متوسط,الخريف,لفت,1000,غرام,إلزامي,
64,محشي لفت,4,طويل,متوسط,الخريف,لحم مفروم,400,غرام,إلزامي,
64,محشي لفت,4,طويل,متوسط,الخريف,رز,400,غرام,إلزامي,
64,محشي لفت,4,طويل,متوسط,الخريف,معجون بندورة,30,غرام,إلزامي,
64,محشي لفت,4,طويل,متوسط,الخريف,ثوم,40,غرام,اختياري,
65,سبانخ بلحمة,4,قليل,متوسط,الشتاء,سبانخ,500,غرام,إلزامي,
65,سبانخ بلحمة,4,قليل,متوسط,الشتاء,لحم مفروم,250,غرام,إلزامي,لحم مفروم
65,سبانخ بلحمة,4,قليل,متوسط,الشتاء,ثوم,20,غرام,اختياري,
65,سبانخ بلحمة,4,قليل,متوسط,الشتاء,كزبرة خضرا,8,غرام,اختياري,
65,سبانخ بلحمة,4,قليل,متوسط,الشتاء,رز,400,غرام,اختياري,
65,سبانخ بلحمة,4,قليل,متوسط,الشتاء,شعيرية,50,غرام,اختياري,
66,برغل بفول,4,قليل,مبتدئ,الربيع,برغل,600,غرام,إلزامي,
66,برغل بفول,4,قليل,مبتدئ,الربيع,فول أخضر,500,غرام,إلزامي,
66,برغل بفول,4,قليل,مبتدئ,الربيع,لحم مفروم,200,غرام,اختياري,
67,جظ مظ,4,قليل,مبتدئ,مدار السنة,بيض,6,حبة,إلزامي,
67,جظ مظ,4,قليل,مبتدئ,مدار السنة,بندورة,200,غرام,إلزامي,
67,جظ مظ,4,قليل,مبتدئ,مدار السنة,بصل,150,غرام,اختياري,
67,جظ مظ,4,قليل,مبتدئ,مدار السنة,ثوم,10,غرام,اختياري,
67,جظ مظ,4,قليل,مبتدئ,مدار السنة,فليفلة ملونة,300,غرام,اختياري,
68,برغل ببزاليا,4,قليل,مبتدئ,الربيع,برغل,600,غرام,إلزامي,
68,برغل ببزاليا,4,قليل,مبتدئ,الربيع,بزاليا,500,غرام,إلزامي,
68,برغل ببزاليا,4,قليل,مبتدئ,الربيع,لحم مفروم,200,غرام,اختياري,
69,يقطين بلبن,4,طويل,محترف,الصيف,يقطين,1000,غرام,إلزامي,
69,يقطين بلبن,4,طويل,محترف,الصيف,لبن,1500,غرام,إلزامي,
69,يقطين بلبن,4,طويل,محترف,الصيف,لحم مفروم,500,غرام,إلزامي,
69,يقطين بلبن,4,طويل,محترف,الصيف,زيت نباتي,1000,غرام,إلزامي,
69,يقطين بلبن,4,طويل,محترف,الصيف,رز,400,غرام,إلزامي,
69,يقطين بلبن,4,طويل,محترف,الصيف,شعيرية,50,غرام,إلزامي,
69,يقطين بلبن,4,طويل,محترف,الصيف,نشاء الذرة,24,غرام,إلزامي,
69,يقطين بلبن,4,طويل,محترف,الصيف,بصل,450,غرام,اختياري,
70,كبة مقلية,4,طويل,محترف,مدار السنة,برغل ناعم,1000,غرام,إلزامي,
70,كبة مقلية,4,طويل,محترف,مدار السنة,لحم ناعم,1350,غرام,إلزامي,بطاطا
70,كبة مقلية,4,طويل,محترف,مدار السنة,بصل,900,غرام,إلزامي,
70,كبة مقلية,4,طويل,محترف,مدار السنة,زيت نباتي,1000,غرام,إلزامي,
70,كبة مقلية,4,طويل,محترف,مدار السنة,مكسرات,50,غرام,اختياري,
70,كبة مقلية,4,طويل,محترف,مدار السنة,بهارات,16,غرام,إلزامي,
71,عجة,4,متوسط,متوسط,مدار السنة,بيض,4,حبة,إلزامي,
71,عجة,4,متوسط,متوسط,مدار السنة,طحين,125,غرام,إلزامي,
71,عجة,4,متوسط,متوسط,مدار السنة,بصل,200,غرام,اختياري,
71,عجة,4,متوسط,متوسط,مدار السنة,بطاطا,200,غرام,اختياري,
71,عجة,4,متوسط,متوسط,مدار السنة,بقدونس,50,غرام,إلزامي,
71,عجة,4,متوسط,متوسط,مدار السنة,زيت نباتي,1000,غرام,إلزامي,
71,عجة,4,متوسط,متوسط,مدار السنة,كوسا,150,غرام,اختياري,
72,ستي زبقي,4,قليل,مبتدئ,مدار السنة,عدس أسود,200,غرام,إلزامي,
72,ستي زبقي,4,قليل,مبتدئ,مدار السنة,معكرونة,200,غرام,إلزامي,
72,ستي زبقي,4,قليل,مبتدئ,مدار السنة,لحم مفروم,100,غرام,إلزامي,
72,ستي زبقي,4,قليل,مبتدئ,مدار السنة,كزبرة خضرا,50,غرام,اختياري,
72,ستي زبقي,4,قليل,مبتدئ,مدار السنة,ثوم,40,غرام,اختياري,
73,دجاج مشوي,4,طويل,محترف,مدار السنة,دجاج,1000,غرام,إلزامي,
73,دجاج مشوي,4,طويل,محترف,مدار السنة,بهارات,24,غرام,إلزامي,
73,دجاج مشوي,4,طويل,محترف,مدار السنة,ليمون,100,غرام,إلزامي,
73,دجاج مشوي,4,طويل,محترف,مدار السنة,معجون بندورة,15,غرام,إلزامي,
73,دجاج مشوي,4,طويل,محترف,مدار السنة,معجون فليفلة,15,غرام,إلزامي,
74,كبة مشوية,4,طويل,محترف,مدار السنة,برغل ناعم,1000,غرام,إلزامي,
74,كبة مشوية,4,طويل,محترف,مدار السنة,لحم ناعم,500,غرام,إلزامي,بطاطا
74,كبة مشوية,4,طويل,محترف,مدار السنة,شحمة,250,غرام,إلزامي,
74,كبة مشوية,4,طويل,محترف,مدار السنة,دهنة,250,غرام,إلزامي,
74,كبة مشوية,4,طويل,محترف,مدار السنة,معجون فليفلة,15,غرام,إلزامي,
74,كبة مشوية,4,طويل,محترف,مدار السنة,دبس رمان,40,غرام,إلزامي,
74,كبة مشوية,4,طويل,محترف,مدار السنة,رمان,500,غرام,اختياري,
74,كبة مشوية,4,طويل,محترف,مدار السنة,بهارات,8,غرام,إلزامي,
74,كبة مشوية,4,طويل,محترف,مدار السنة,مكسرات,50,غرام,اختياري,
75,بروستد,4,طويل,محترف,مدار السنة,دجاج,1000,غرام,إلزامي,
75,بروستد,4,طويل,محترف,مدار السنة,ليمون,100,غرام,إلزامي,
75,بروستد,4,طويل,محترف,مدار السنة,برتقال,150,غرام,اختياري,
75,بروستد,4,طويل,محترف,مدار السنة,بهارات,32,غرام,إلزامي,
75,بروستد,4,طويل,محترف,مدار السنة,طحين,125,غرام,إلزامي,
75,بروستد,4,طويل,محترف,مدار السنة,بيض,1,حبة,إلزامي,
75,بروستد,4,طويل,محترف,مدار السنة,فانيليا,50,غرام,إلزامي,
75,بروستد,4,طويل,محترف,مدار السنة,زيت نباتي,1000,غرام,إلزامي,
76,شوربة عدس,4,قليل,مبتدئ,مدار السنة,عدس أحمر,400,غرام,إلزامي,
76,شوربة عدس,4,قليل,مبتدئ,مدار السنة,بصل,450,غرام,إلزامي,
76,شوربة عدس,4,قليل,مبتدئ,مدار السنة,بهارات,16,غرام,إلزامي,
76,شوربة عدس,4,قليل,مبتدئ,مدار السنة,جزر,200,غرام,اختياري,
76,شوربة عدس,4,قليل,مبتدئ,مدار السنة,بطاطا,400,غرام,اختياري,
77,كريسبي,4,طويل,متوسط,مدار السنة,شرحات دجاج,1000,غرام,إلزامي,
77,كريسبي,4,طويل,متوسط,مدار السنة,بهارات,32,غرام,إلزامي,
77,كريسبي,4,طويل,متوسط,مدار السنة,زيت نباتي,1000,غرام,إلزامي,
77,كريسبي,4,طويل,متوسط,مدار السنة,طحين,125,غرام,إلزامي,
77,كريسبي,4,طويل,متوسط,مدار السنة,بيض,1,حبة,إلزامي,
77,كريسبي,4,طويل,متوسط,مدار السنة,ليمون,100,غرام,إلزامي,
78,فرانشيسكو,4,طويل,متوسط,مدار السنة,شرحات دجاج,1000,غرام,إلزامي,
78,فرانشيسكو,4,طويل,متوسط,مدار السنة,جبنة قشقوان,200,غرام,اختياري,
78,فرانشيسكو,4,طويل,متوسط,مدار السنة,فطر,300,غرام,إلزامي,
78,فرانشيسكو,4,طويل,متوسط,مدار السنة,ذرة,300,غرام,إلزامي,
78,فرانشيسكو,4,طويل,متوسط,مدار السنة,مايونيز,300,غرام,إلزامي,
78,فرانشيسكو,4,طويل,متوسط,مدار السنة,بهارات,24,غرام,إلزامي,
78,فرانشيسكو,4,طويل,متوسط,مدار السنة,خس,100,غرام,اختياري,
79,زنجر,4,طويل,متوسط,مدار السنة,شرحات دجاج,1000,غرام,إلزامي,
79,زنجر,4,طويل,متوسط,مدار السنة,بهارات,32,غرام,إلزامي,
79,زنجر,4,طويل,متوسط,مدار السنة,صلصة حارة,200,غرام,إلزامي,
79,زنجر,4,طويل,متوسط,مدار السنة,زيت نباتي,1000,غرام,إلزامي,
79,زنجر,4,طويل,متوسط,مدار السنة,طحين,125,غرام,إلزامي,
79,زنجر,4,طويل,متوسط,مدار السنة,خس,100,غرام,اختياري,
80,منزلة زهرة,4,متوسط,متوسط,الشتاء,زهرة,1000,غرام,إلزامي,
80,منزلة زهرة,4,متوسط,متوسط,الشتاء,كزبرة خضرا,50,غرام,اختياري,
80,منزلة زهرة,4,متوسط,متوسط,الشتاء,ثوم,40,غرام,اختياري,
80,منزلة زهرة,4,متوسط,متوسط,الشتاء,زيت نباتي,1000,غرام,إلزامي,
80,منزلة زهرة,4,متوسط,متوسط,الشتاء,لحم مفروم,200,غرام,اختياري,
81,براصيا,4,قليل,مبتدئ,الشتاء,براصيا,500,غرام,إلزامي,
81,براصيا,4,قليل,مبتدئ,الشتاء,ثوم,40,غرام,إلزامي,
81,براصيا,4,قليل,مبتدئ,الشتاء,زيت زيتون,100,غرام,إلزامي,
82,شلباطو,4,قليل,مبتدئ,الشتاء,رز,400,غرام,إلزامي,
82,شلباطو,4,قليل,مبتدئ,الشتاء,كروم,500,غرام,إلزامي,
82,شلباطو,4,قليل,مبتدئ,الشتاء,لحم مفروم,200,غرام,إلزامي,
83,خلطبيطة,4,قليل,مبتدئ,الصيف,بيتنجان,500,غرام,إلزامي,
83,خلطبيطة,4,قليل,مبتدئ,الصيف,كوسا,450,غرام,اختياري,
83,خلطبيطة,4,قليل,مبتدئ,الصيف,بطاطا,600,غرام,إلزامي,
83,خلطبيطة,4,قليل,مبتدئ,الصيف,بندورة,400,غرام,إلزامي,
83,خلطبيطة,4,قليل,مبتدئ,الصيف,بصل,450,غرام,اختياري,
83,خلطبيطة,4,قليل,مبتدئ,الصيف,فليفلة خضرا,450,غرام,اختياري,
83,خلطبيطة,4,قليل,مبتدئ,الصيف,كزبرة يابسة,16,غرام,اختياري,
83,خلطبيطة,4,قليل,مبتدئ,الصيف,زيت زيتون,100,غرام,إلزامي,
84,ابوبسطي,4,متوسط,متوسط,الصيف,يقطين,1000,غرام,إلزامي,
84,ابوبسطي,4,متوسط,متوسط,الصيف,لحم مفروم,400,غرام,اختياري,
84,ابوبسطي,4,متوسط,متوسط,الصيف,معجون بندورة,30,غرام,إلزامي,
84,ابوبسطي,4,متوسط,متوسط,الصيف,دبس رمان,40,غرام,إلزامي,
84,ابوبسطي,4,متوسط,متوسط,الصيف,برغل,400,غرام,إلزامي,
84,ابوبسطي,4,متوسط,متوسط,الصيف,شعيرية,50,غرام,إلزامي,
85,فتة دجاج,4,متوسط,متوسط,مدار السنة,شرحات دجاج,500,غرام,إلزامي,
85,فتة دجاج,4,متوسط,متوسط,مدار السنة,لبن,1000,غرام,إلزامي,
85,فتة دجاج,4,متوسط,متوسط,مدار السنة,طحينة,250,غرام,إلزامي,
85,فتة دجاج,4,متوسط,متوسط,مدار السنة,ليمون,100,غرام,اختياري,
85,فتة دجاج,4,متوسط,متوسط,مدار السنة,ثوم,20,غرام,اختياري,
85,فتة دجاج,4,متوسط,متوسط,مدار السنة,خبز,200,غرام,إلزامي,
86,الكمأة,4,متوسط,متوسط,الربيع,كمأة,1000,غرام,إلزامي,
86,الكمأة,4,متوسط,متوسط,الربيع,لحم مفروم,500,غرام,إلزامي,
86,الكمأة,4,متوسط,متوسط,الربيع,بصل,150,غرام,إلزامي,
86,الكمأة,4,متوسط,متوسط,الربيع,رز,400,غرام,إلزامي,
86,الكمأة,4,متوسط,متوسط,الربيع,شعيرية,50,غرام,إلزامي,
87,فطاير سبانخ,4,طويل,محترف,الشتاء,سبانخ,500,غرام,إلزامي,
87,فطاير سبانخ,4,طويل,محترف,الشتاء,بصل,300,غرام,اختياري,
87,فطاير سبانخ,4,طويل,محترف,الشتاء,دبس رمان,40,غرام,إلزامي,ليمون
87,فطاير سبانخ,4,طويل,محترف,الشتاء,بهارات,8,غرام,اختياري,
87,فطاير سبانخ,4,طويل,محترف,الشتاء,طحين,500,غرام,إلزامي,عجينة
87,فطاير سبانخ,4,طويل,محترف,الشتاء,بيض,1,حبة,اختياري,
87,فطاير سبانخ,4,طويل,محترف,الشتاء,مكسرات,50,غرام,اختياري,
88,فاهيتا,4,قليل,متوسط,مدار السنة,شرحات دجاج,500,غرام,إلزامي,
88,فاهيتا,4,قليل,متوسط,مدار السنة,فليفلة ملونة,300,غرام,إلزامي,
88,فاهيتا,4,قليل,متوسط,مدار السنة,بصل,150,غرام,اختياري,
88,فاهيتا,4,قليل,متوسط,مدار السنة,ثوم,10,غرام,اختياري,
88,فاهيتا,4,قليل,متوسط,مدار السنة,جزر,400,غرام,اختياري,
88,فاهيتا,4,قليل,متوسط,مدار السنة,فطر,100,غرام,اختياري,
88,فاهيتا,4,قليل,متوسط,مدار السنة,بهارات,32,غرام,إلزامي,
88,فاهيتا,4,قليل,متوسط,مدار السنة,جبنة قشقوان,100,غرام,اختياري,
88,فاهيتا,4,قليل,متوسط,مدار السنة,خبز سمون,400,غرام,اختياري,
89,شاورما,4,قليل,مبتدئ,مدار السنة,شرحات دجاج,1000,غرام,إلزامي,
89,شاورما,4,قليل,مبتدئ,مدار السنة,ثوم,20,غرام,إلزامي,
89,شاورما,4,قليل,مبتدئ,مدار السنة,خل,10,غرام,إلزامي,ليمون
89,شاورما,4,قليل,مبتدئ,مدار السنة,معجون فليفلة,15,غرام,اختياري,
89,شاورما,4,قليل,مبتدئ,مدار السنة,بهارات,32,غرام,إلزامي,
89,شاورما,4,قليل,مبتدئ,مدار السنة,مايونيز,100,غرام,إلزامي,
89,شاورما,4,قليل,مبتدئ,مدار السنة,مخلل خيار,250,غرام,اختياري,
90,سجق,4,قليل,مبتدئ,مدار السنة,لحم ناعم,1000,غرام,إلزامي,دجاج
90,سجق,4,قليل,مبتدئ,مدار السنة,ثوم,20,غرام,إلزامي,
90,سجق,4,قليل,مبتدئ,مدار السنة,خل,40,غرام,إلزامي,
90,سجق,4,قليل,مبتدئ,مدار السنة,بهارات,32,غرام,إلزامي,
90,سجق,4,قليل,مبتدئ,مدار السنة,معجون فليفلة,15,غرام,إلزامي,
90,سجق,4,قليل,مبتدئ,مدار السنة,مايونيز,100,غرام,إلزامي,
90,سجق,4,قليل,مبتدئ,مدار السنة,مخلل خيار,250,غرام,اختياري,
90,سجق,4,قليل,مبتدئ,مدار السنة,خبز سمون,400,غرام,اختياري,
91,سمك مقلي,4,قليل,مبتدئ,مدار السنة,سمك,1000,غرام,إلزامي,
91,سمك مقلي,4,قليل,مبتدئ,مدار السنة,ثوم,20,غرام,اختياري,
91,سمك مقلي,4,قليل,مبتدئ,مدار السنة,بهارات,16,غرام,إلزامي,
91,سمك مقلي,4,قليل,مبتدئ,مدار السنة,طحين,125,غرام,إلزامي,
91,سمك مقلي,4,قليل,مبتدئ,مدار السنة,زيت نباتي,1000,غرام,إلزامي,
92,سمكة حرة,4,متوسط,متوسط,مدار السنة,سمك,1000,غرام,إلزامي,
92,سمكة حرة,4,متوسط,متوسط,مدار السنة,ثوم,20,غرام,إلزامي,
92,سمكة حرة,4,متوسط,متوسط,مدار السنة,معجون فليفلة,30,غرام,إلزامي,
92,سمكة حرة,4,متوسط,متوسط,مدار السنة,بندورة,200,غرام,اختياري,
92,سمكة حرة,4,متوسط,متوسط,مدار السنة,فليفلة خضرا,150,غرام,اختياري,
92,سمكة حرة,4,متوسط,متوسط,مدار السنة,بصل,150,غرام,اختياري,
92,سمكة حرة,4,متوسط,متوسط,مدار السنة,كزبرة خضرا,50,غرام,اختياري,
92,سمكة حرة,4,متوسط,متوسط,مدار السنة,بطاطا,600,غرام,اختياري,
93,صيادية,4,متوسط,متوسط,مدار السنة,سمك,750,غرام,إلزامي,
93,صيادية,4,متوسط,متوسط,مدار السنة,رز,300,غرام,إلزامي,
93,صيادية,4,متوسط,متوسط,مدار السنة,بهارات,8,غرام,إلزامي,
93,صيادية,4,متوسط,متوسط,مدار السنة,بصل,600,غرام,إلزامي,
93,صيادية,4,متوسط,متوسط,مدار السنة,زيت زيتون,100,غرام,إلزامي,
93,صيادية,4,متوسط,متوسط,مدار السنة,مكسرات,50,غرام,اختياري,
94,مقلوبة,4,متوسط,متوسط,الصيف,بيتنجان,1000,غرام,إلزامي,
94,مقلوبة,4,متوسط,متوسط,الصيف,لحم مفروم,250,غرام,إلزامي,
94,مقلوبة,4,متوسط,متوسط,الصيف,زيت نباتي,400,غرام,إلزامي,
94,مقلوبة,4,متوسط,متوسط,الصيف,رز,300,غرام,إلزامي,
94,مقلوبة,4,متوسط,متوسط,الصيف,مكسرات,50,غرام,اختياري,
95,معكرونة ببشاميل,4,طويل,متوسط,مدار السنة,معكرونة,500,غرام,إلزامي,
95,معكرونة ببشاميل,4,طويل,متوسط,مدار السنة,شرحات دجاج,200,غرام,اختياري,
95,معكرونة ببشاميل,4,طويل,متوسط,مدار السنة,بصل,300,غرام,إلزامي,
95,معكرونة ببشاميل,4,طويل,متوسط,مدار السنة,معجون بندورة,30,غرام,اختياري,
95,معكرونة ببشاميل,4,طويل,متوسط,مدار السنة,حليب,750,غرام,إلزامي,
95,معكرونة ببشاميل,4,طويل,متوسط,مدار السنة,طحين,30,غرام,إلزامي,
96,معكرونة بلبن,4,قليل,مبتدئ,مدار السنة,معكرونة,500,غرام,إلزامي,
96,معكرونة بلبن,4,قليل,مبتدئ,مدار السنة,لبن,500,غرام,إلزامي,
96,معكرونة بلبن,4,قليل,مبتدئ,مدار السنة,ثوم,10,غرام,اختياري,
97,معكرونة حمرا,4,قليل,مبتدئ,مدار السنة,معكرونة,500,غرام,إلزامي,
97,معكرونة حمرا,4,قليل,مبتدئ,مدار السنة,بصل,300,غرام,اختياري,
97,معكرونة حمرا,4,قليل,مبتدئ,مدار السنة,معجون بندورة,30,غرام,إلزامي,
97,معكرونة حمرا,4,قليل,مبتدئ,مدار السنة,لحم مفروم,200,غرام,اختياري,
98,حراق اصبعو,4,متوسط,متوسط,مدار السنة,عدس أسود,300,غرام,إلزامي,
98,حراق اصبعو,4,متوسط,متوسط,مدار السنة,معكرونة,500,غرام,إلزامي,
98,حراق اصبعو,4,متوسط,متوسط,مدار السنة,بصل,600,غرام,إلزامي,
98,حراق اصبعو,4,متوسط,متوسط,مدار السنة,رمان,500,غرام,اختياري,
98,حراق اصبعو,4,متوسط,متوسط,مدار السنة,كزبرة خضرا,100,غرام,إلزامي,
98,حراق اصبعو,4,متوسط,متوسط,مدار السنة,ثوم,40,غرام,إلزامي,
98,حراق اصبعو,4,متوسط,متوسط,مدار السنة,زيت زيتون,100,غرام,إلزامي,
98,حراق اصبعو,4,متوسط,متوسط,مدار السنة,دبس رمان,150,غرام,إلزامي,تمر هندي
99,بيتزا,4,متوسط,متوسط,مدار السنة,طحين,500,غرام,إلزامي,عجينة
99,بيتزا,4,متوسط,متوسط,مدار السنة,بصل,150,غرام,إلزامي,
99,بيتزا,4,متوسط,متوسط,مدار السنة,بندورة,400,غرام,إلزامي,معجون بندورة
99,بيتزا,4,متوسط,متوسط,مدار السنة,فليفلة خضرا,150,غرام,اختياري,
99,بيتزا,4,متوسط,متوسط,مدار السنة,فطر,100,غرام,اختياري,
99,بيتزا,4,متوسط,متوسط,مدار السنة,جبنة قشقوان,200,غرام,إلزامي,
99,بيتزا,4,متوسط,متوسط,مدار السنة,زيتون,100,غرام,اختياري,
100,برغر,4,قليل,مبتدئ,مدار السنة,لحم ناعم,500,غرام,إلزامي,دجاج
100,برغر,4,قليل,مبتدئ,مدار السنة,بهارات,32,غرام,إلزامي,
100,برغر,4,قليل,مبتدئ,مدار السنة,بندورة,200,غرام,اختياري,
100,برغر,4,قليل,مبتدئ,مدار السنة,فليفلة خضرا,150,غرام,اختياري,
100,برغر,4,قليل,مبتدئ,مدار السنة,بصل,150,غرام,اختياري,
100,برغر,4,قليل,مبتدئ,مدار السنة,مخلل خيار,250,غرام,اختياري,
100,برغر,4,قليل,مبتدئ,مدار السنة,خس,200,غرام,اختياري,
100,برغر,4,قليل,مبتدئ,مدار السنة,جبنة قشقوان,200,غرام,اختياري,
100,برغر,4,قليل,مبتدئ,مدار السنة,مايونيز,100,غرام,إلزامي,
100,برغر,4,قليل,مبتدئ,مدار السنة,خبز سمون,400,غرام,إلزامي,
101,برياني,4,طويل,متوسط,مدار السنة,شرحات دجاج,500,غرام,إلزامي,
101,برياني,4,طويل,متوسط,مدار السنة,رز طويل الحبة,400,غرام,إلزامي,
101,برياني,4,طويل,متوسط,مدار السنة,لبن,200,غرام,إلزامي,
101,برياني,4,طويل,متوسط,مدار السنة,بصل,450,غرام,إلزامي,
101,برياني,4,طويل,متوسط,مدار السنة,بهارات,16,غرام,إلزامي,
101,برياني,4,طويل,متوسط,مدار السنة,مكسرات,50,غرام,اختياري,
102,أنغينار بزيت,4,قليل,مبتدئ,الربيع,أنغينار,2000,غرام,إلزامي,
102,أنغينار بزيت,4,قليل,مبتدئ,الربيع,بندورة,200,غرام,إلزامي,
102,أنغينار بزيت,4,قليل,مبتدئ,الربيع,بصل,150,غرام,إلزامي,
102,أنغينار بزيت,4,قليل,مبتدئ,الربيع,ثوم,20,غرام,إلزامي,
102,أنغينار بزيت,4,قليل,مبتدئ,الربيع,ليمون,50,غرام,إلزامي,حصرم
103,دجاج بالكاري,4,متوسط,متوسط,الربيع,شرحات دجاج,300,غرام,إلزامي,
103,دجاج بالكاري,4,متوسط,متوسط,الربيع,جزر,500,غرام,إلزامي,
103,دجاج بالكاري,4,متوسط,متوسط,الربيع,بزاليا,250,غرام,إلزامي,
103,دجاج بالكاري,4,متوسط,متوسط,الربيع,معجون بندورة,30,غرام,إلزامي,
103,دجاج بالكاري,4,متوسط,متوسط,الربيع,بهارات,16,غرام,إلزامي,
103,دجاج بالكاري,4,متوسط,متوسط,الربيع,بصل,150,غرام,إلزامي,
103,دجاج بالكاري,4,متوسط,متوسط,الربيع,ثوم,10,غرام,إلزامي,
103,دجاج بالكاري,4,متوسط,متوسط,الربيع,رز,400,غرام,إلزامي,
103,دجاج بالكاري,4,متوسط,متوسط,الربيع,شعيرية,50,غرام,اختياري,
104,مسقعة,4,قليل,متوسط,الصيف,بيتنجان,500,غرام,إلزامي,
104,مسقعة,4,قليل,متوسط,الصيف,بندورة,300,غرام,إلزامي,
104,مسقعة,4,قليل,متوسط,الصيف,فليفلة خضرا,150,غرام,اختياري,
104,مسقعة,4,قليل,متوسط,الصيف,ثوم,20,غرام,إلزامي,
104,مسقعة,4,قليل,متوسط,الصيف,معجون بندورة,15,غرام,إلزامي,
104,مسقعة,4,قليل,متوسط,الصيف,زيت نباتي,400,غرام,إلزامي,
105,فطر,4,قليل,مبتدئ,الشتاء,لحم مفروم,200,غرام,إلزامي,
105,فطر,4,قليل,مبتدئ,الشتاء,فطر,1000,غرام,إلزامي,
105,فطر,4,قليل,مبتدئ,الشتاء,بصل,300,غرام,إلزامي,
105,فطر,4,قليل,مبتدئ,الشتاء,رز,400,غرام,إلزامي,
105,فطر,4,قليل,مبتدئ,الشتاء,شعيرية,50,غرام,اختياري,
106,شرحات بالخل,4,قليل,متوسط,مدار السنة,شرحات دجاج,500,غرام,إلزامي,شرحات لحم
106,شرحات بالخل,4,قليل,متوسط,مدار السنة,خل,100,غرام,إلزامي,
106,شرحات بالخل,4,قليل,متوسط,مدار السنة,ثوم,40,غرام,إلزامي,
106,شرحات بالخل,4,قليل,متوسط,مدار السنة,جزر,500,غرام,إلزامي,
106,شرحات بالخل,4,قليل,متوسط,مدار السنة,بطاطا,600,غرام,إلزامي,
106,شرحات بالخل,4,قليل,متوسط,مدار السنة,بروكلي,500,غرام,اختياري,كوسا
107,أنغينار بلحمة,4,متوسط,متوسط,الصيف,أنغينار,1000,غرام,إلزامي,
107,أنغينار بلحمة,4,متوسط,متوسط,الصيف,زيت نباتي,250,غرام,إلزامي,
107,أنغينار بلحمة,4,متوسط,متوسط,الصيف,لحم ناعم,500,غرام,إلزامي,
107,أنغينار بلحمة,4,متوسط,متوسط,الصيف,بصل,150,غرام,إلزامي,
107,أنغينار بلحمة,4,متوسط,متوسط,الصيف,بزاليا,200,غرام,اختياري,
107,أنغينار بلحمة,4,متوسط,متوسط,الصيف,رز,400,غرام,إلزامي,
107,أنغينار بلحمة,4,متوسط,متوسط,الصيف,بهارات,16,غرام,إلزامي,
108,أنغينار بدجاج,4,متوسط,متوسط,الصيف,أنغينار,1000,غرام,إلزامي,
108,أنغينار بدجاج,4,متوسط,متوسط,الصيف,بطاطا,800,غرام,اختياري,
108,أنغينار بدجاج,4,متوسط,متوسط,الصيف,دجاج,500,غرام,إلزامي,
108,أنغينار بدجاج,4,متوسط,متوسط,الصيف,بهارات,16,غرام,إلزامي,
108,أنغينار بدجاج,4,متوسط,متوسط,الصيف,رز,400,غرام,إلزامي,
108,أنغينار بدجاج,4,متوسط,متوسط,الصيف,شعيرية,50,غرام,إلزامي,
109,كشكة,4,قليل,مبتدئ,الشتاء,كشكة,400,غرام,إلزامي,
109,كشكة,4,قليل,مبتدئ,الشتاء,زيت زيتون,50,غرام,إلزامي,
109,كشكة,4,قليل,مبتدئ,الشتاء,بصل,100,غرام,اختياري,
110,سلطة تونة,4,قليل,مبتدئ,مدار السنة,تونة,640,غرام,إلزامي,
110,سلطة تونة,4,قليل,مبتدئ,مدار السنة,معكرونة,300,غرام,اختياري,
110,سلطة تونة,4,قليل,مبتدئ,مدار السنة,ذرة,100,غرام,اختياري,
110,سلطة تونة,4,قليل,مبتدئ,مدار السنة,ليمون,50,غرام,إلزامي,
111,منزلة ببطاطا,4,متوسط,مبتدئ,مدار السنة,بطاطا,800,غرام,إلزامي,
111,منزلة ببطاطا,4,متوسط,مبتدئ,مدار السنة,لحم مفروم,200,غرام,اختياري,
111,منزلة ببطاطا,4,متوسط,مبتدئ,مدار السنة,معجون بندورة,30,غرام,إلزامي,
111,منزلة ببطاطا,4,متوسط,مبتدئ,مدار السنة,كزبرة خضرا,50,غرام,اختياري,
111,منزلة ببطاطا,4,متوسط,مبتدئ,مدار السنة,ثوم,20,غرام,اختياري,
111,منزلة ببطاطا,4,متوسط,مبتدئ,مدار السنة,برغل,400,غرام,إلزامي,
111,منزلة ببطاطا,4,متوسط,مبتدئ,مدار السنة,شعيرية,50,غرام,إلزامي,
112,شيش بالفخارة,4,طويل,متوسط,مدار السنة,شرحات دجاج,1000,غرام,إلزامي,
112,شيش بالفخارة,4,طويل,متوسط,مدار السنة,بطاطا,200,غرام,إلزامي,
112,شيش بالفخارة,4,طويل,متوسط,مدار السنة,فطر,150,غرام,إلزامي,
112,شيش بالفخارة,4,طويل,متوسط,مدار السنة,حليب,1000,غرام,إلزامي,
112,شيش بالفخارة,4,طويل,متوسط,مدار السنة,طحين,40,غرام,إلزامي,
112,شيش بالفخارة,4,طويل,متوسط,مدار السنة,زيت نباتي,500,غرام,إلزامي,
112,شيش بالفخارة,4,طويل,متوسط,مدار السنة,ذرة,40,غرام,اختياري,
112,شيش بالفخارة,4,طويل,متوسط,مدار السنة,جبنة قشقوان,200,غرام,إلزامي,
113,فتوتشيني ألفريدو بالدجاج,4,متوسط,متوسط,مدار السنة,معكرونة,400,غرام,إلزامي,
113,فتوتشيني ألفريدو بالدجاج,4,متوسط,متوسط,مدار السنة,شرحات دجاج,500,غرام,إلزامي,
113,فتوتشيني ألفريدو بالدجاج,4,متوسط,متوسط,مدار السنة,كريمة طبخ,500,غرام,إلزامي,
113,فتوتشيني ألفريدو بالدجاج,4,متوسط,متوسط,مدار السنة,جبنة قشقوان,200,غرام,إلزامي,
113,فتوتشيني ألفريدو بالدجاج,4,متوسط,متوسط,مدار السنة,بهارات,8,غرام,إلزامي,
114,دجاج بالكريمة,4,متوسط,متوسط,مدار السنة,شرحات دجاج,500,غرام,إلزامي,
114,دجاج بالكريمة,4,متوسط,متوسط,مدار السنة,كريمة طبخ,900,غرام,إلزامي,
114,دجاج بالكريمة,4,متوسط,متوسط,مدار السنة,ذرة,200,غرام,اختياري,
114,دجاج بالكريمة,4,متوسط,متوسط,مدار السنة,بهارات,10,غرام,إلزامي,
114,دجاج بالكريمة,4,متوسط,متوسط,مدار السنة,رز,500,غرام,إلزامي,
115,دجاج بالكاجو,4,متوسط,متوسط,مدار السنة,شرحات دجاج,500,غرام,إلزامي,
115,دجاج بالكاجو,4,متوسط,متوسط,مدار السنة,كريمة طبخ,900,غرام,إلزامي,
115,دجاج بالكاجو,4,متوسط,متوسط,مدار السنة,كاجو,200,غرام,إلزامي,
115,دجاج بالكاجو,4,متوسط,متوسط,مدار السنة,بهارات,10,غرام,إلزامي,
115,دجاج بالكاجو,4,متوسط,متوسط,مدار السنة,رز,500,غرام,إلزامي,
